{"stats":{"minecraft:picked_up":{"minecraft:stick":1,"minecraft:jungle_sapling":2,"minecraft:jungle_log":5},"minecraft:crafted":{"minecraft:crafting_table":1,"minecraft:stick":4,"minecraft:jungle_planks":20},"minecraft:custom":{"minecraft:jump":38,"minecraft:time_since_rest":34212,"minecraft:sprint_one_cm":1380,"minecraft:leave_game":4,"minecraft:play_time":34212,"minecraft:time_since_death":34212,"minecraft:walk_one_cm":10457,"minecraft:climb_one_cm":562,"minecraft:total_world_time":34212,"minecraft:drop":1,"minecraft:fly_one_cm":6868},"minecraft:mined":{"minecraft:jungle_leaves":13,"minecraft:jungle_log":5},"minecraft:dropped":{"minecraft:jungle_sapling":1}},"DataVersion":3465}