{"stats":{"minecraft:killed_by":{"minecraft:zombie":1},"minecraft:picked_up":{"minecraft:stick":6,"minecraft:jungle_log":19,"create:crafting_blueprint":1,"minecraft:oak_log":18,"minecraft:jungle_sapling":7,"minecraft:oak_sapling":5},"minecraft:crafted":{"minecraft:oak_planks":72,"minecraft:crafting_table":1,"minecraft:stick":4,"minecraft:jungle_planks":76},"minecraft:custom":{"minecraft:time_since_rest":288,"minecraft:deaths":1,"minecraft:play_time":43488,"minecraft:sprint_one_cm":3179,"minecraft:damage_taken":250,"minecraft:walk_one_cm":18381,"minecraft:drop":2,"minecraft:jump":58,"minecraft:leave_game":5,"minecraft:time_since_death":0,"minecraft:total_world_time":43488,"minecraft:climb_one_cm":2351,"minecraft:fall_one_cm":209,"minecraft:fly_one_cm":8039},"minecraft:used":{"minecraft:wooden_axe":61,"create:crafting_blueprint":1,"minecraft:jungle_planks":1},"minecraft:broken":{"minecraft:wooden_axe":1},"minecraft:mined":{"minecraft:oak_log":26,"minecraft:vine":1,"minecraft:jungle_log":39,"minecraft:jungle_leaves":13},"minecraft:dropped":{"create:crafting_blueprint":1,"minecraft:jungle_sapling":1}},"DataVersion":3465}